縣市名稱,"業者名稱","業者統一編號","業者地址"
"高雄市","八方雲集餐飲股份有限公司","=""54036645""","高雄市鳳山區鳳仁路142號"
"高雄市","旺春豐食品股份有限公司","=""50955368""","高雄市鳥松區美庄路10號3樓"
"高雄市","潤茂企業有限公司","=""24523154""","高雄市三民區德山街30巷20弄21之1號"
"高雄市","天悅大酒店股份有限公司","=""28809877""","高雄市大樹區義大八街100號"
"高雄市","稻埕便當","=""41278970""","高雄市楠梓區建楠路192號"
"高雄市","楨滙淳企業行","=""69879101""","高雄市楠梓區後昌路682號"
"高雄市","惟陞商行","=""99056027""","高雄市三民區澄和路126巷21號"
"高雄市","味帝企業股份有限公司","=""06722139""","高雄市大寮區興業路12號"
"高雄市","福旺小吃部","=""99402982""","高雄市鼓山區華寧路37號3樓之1"
"高雄市","瑞冠餐飲有限公司","=""53257459""","高雄市三民區灣興街46號"
"高雄市","速快快餐","=""81072593""","高雄市楠梓區惠民路345號"
"高雄市","大稻里企業社","=""06767894""","高雄市楠梓區藍昌路398之8號1樓"
"高雄市","大愛餐飲有限公司","=""28292041""","高雄市三民區澄和路126巷21號"
"高雄市","運通環保股份有限公司","=""23492148""","高雄市苓雅區大順三路183號3樓之6"
"高雄市","雄強灶腳小吃店","=""81048497""","高雄市楠梓區後昌路277巷6號"
"高雄市","御饌坊","=""21355793""","高雄市鳳山區福安一街107號"
"高雄市","海方食品企業股份有限公司","=""89748310""","高雄市三民區北平街二街91巷46號"
"高雄市","耕域食品有限公司","=""27704559""","高雄市仁武區工業二路17巷76號"
"高雄市","精食巧飯捲","=""85504002""","高雄市大寮區力行路105號"
"高雄市","正園自助餐店","=""06746815""","高雄市三民區鼎山街450號"
"高雄市","蓮華素食","=""29430084""","高雄市大寮區萬丹路489號"
"高雄市","天天吉樂米股份有限公司","=""27438960""","高雄市三民區慶雲街121號"
"高雄市","蕭記食品有限公司(國昌國中)","=""92087904""","高雄市楠梓區德民路1010號"
"高雄市","和全餐飲專賣店","=""14232728""","高雄市小港區孔宅新路365號"
"高雄市","鼎台企業行","=""25993499""","高雄市鳳山區鳳仁路93-2號Ａ棟"
"高雄市","大家雞腿便當","=""00185105""","高雄市三民區十全一路367號"
"高雄市","蕭記食品有限公司","=""16106140""","高雄市橋頭區甲南里鹽南路17號"
"高雄市","弘國食品有限公司","=""16111967""","高雄市小港區港興街51號2樓"
"高雄市","大園素食","=""21617699""","高雄市大寮區永芳里鳳林三路462號"
"高雄市","米提食品有限公司","=""89742168""","高雄市鳥松區仁美里美山路6號"
"高雄市","小玲羊自助餐","=""06754933""","高雄市左營區新莊一路173號"
"高雄市","(大大大)師傅企業股份有限公司","=""79978782""","高雄市鳳山區大東二路56號1樓"
"高雄市","米珍香食品有限公司","=""29022165""","高雄市三民區建工路776號13樓"
"高雄市","立緯食品有限公司","=""13171385""","高雄市前鎮區新衙路286之8號"
"高雄市","鳳端商號","=""17373257""","高雄市仁武區工業二路17巷76號"
"高雄市","快樂餐飲事業有限公司","=""27229289""","高雄市新興區渤海街23-1號"
"高雄市","長鈺食品企業行","=""41314899""","高雄市楠梓區海專路429-1號"
"高雄市","芳味香食品企業有限公司","=""25023894""","高雄市大寮區鳳屏一路86號"
"高雄市","米之香食品有限公司","=""70421659""","高雄市三民區建工路776號13樓"
"高雄市","太師傅企業股份有限公司林森分公司(高雄市三民區市立三民高中)","=""53583362""","高雄市三民區建國2路229號"
"高雄市","天青合食品股份有限公司","=""97143476""","高雄市三民區壽昌路93號11樓之16"
"高雄市","可可企業行","=""36907627""","高雄市鳳山區建國路3段209巷21號"
"高雄市","來嘉手做料理","=""93300024""","高雄市小港區山明路385號"
"高雄市","紫竹林素食","=""07866865""","高雄市鳳山區鳳崗里曹公路12號1樓"
"高雄市","佳琪食品股份有限公司","=""86766670""","高雄市鳥松區仁美里美庄路10號"
"高雄市","彩鶴御飯卷","=""21317784""","高雄市三民區泰安街51號"
"高雄市","以晟聯合實業有限公司","=""27796065""","高雄市大寮區大發工業區華東路50號"
"高雄市","靜合佳企業有限公司","=""90462592""","高雄市楠梓區德賢路263號16樓"
"雲林縣","梅景食品股份有限公司","=""53177287""","雲林縣西螺鎮福田里社口68-19號"
"雲林縣","今日餐飲(黎明高中)","=""72408668""","雲林縣斗六市文生路120巷31號"
"雲林縣","松之林餐盒工廠","=""27132150""","雲林縣土庫鎮宮北里建國路120號"
"雲林縣","永聖企業社","=""20042653""","雲林縣莿桐鄉麻園村榮貫路1-17號"
"雲林縣","味達香食品工廠","=""27133411""","雲林縣斗南鎮小東里公論路16號"
"雲林縣","享味實業有限公司","=""60641829""","雲林縣麥寮鄉橋頭村仁德路212號2樓"
"雲林縣","豐味便當工廠","=""64910997""","雲林縣北港鎮劉厝里137-3號"
"雲林縣","助民新鮮食品工廠","=""45766198""","雲林縣西螺鎮中山東路38號"
"雲林縣","仲偉農產行","=""67863005""","雲林縣斗南鎮大東里中興路328巷61號"
"雲林縣","升陽農產股份有限公司","=""24262931""","雲林縣西螺鎮大園里光復東路63巷1弄50號1樓"
"雲林縣","元素早餐店","=""45610323""","雲林縣斗南鎮田頭里田興路7鄰102號"
"雲林縣","佳隆農畜實業有限公司","=""24233492""","雲林縣西螺鎮中正路258號"
"雲林縣","中祥食品行","=""06165892""","雲林縣斗六市永安路125號"
"雲林縣","豐味食品行","=""20043175""","雲林縣北港鎮劉厝里137-3號"
"雲林縣","順和蔬果有限公司","=""54133338""","雲林縣元長鄉合和村三房26-1號"
"連江縣","福和企業社","=""85372918""","連江縣南竿鄉福沃村110-1號"
"苗栗縣","八方雲集鍋貼水餃專賣店","=""25205297""","苗栗縣苗栗市中正路911號"
"苗栗縣","鮮味食品行","=""45200377""","苗栗縣銅鑼鄉中平村中平153-18號"
"苗栗縣","永禾餐盒有限公司","=""24367718""","苗栗縣苑裡鎮苑港里2鄰10之52號"
"苗栗縣","味康餐盒工廠","=""80970794""","苗栗市育民街45號"
"苗栗縣","美吉商行","=""66821020""","苗栗市玉華里玉清街80號"
"苗栗縣","陳記山產行","=""87217505""","苗栗縣大湖鄉大湖村9鄰中正路65號"
"苗栗縣","八方雲集苗栗中正店","=""80963549""","苗栗市勝利里中正路911號"
"苗栗縣","八方食堂竹南中正店","=""82386565""","苗栗縣竹南鎮中正路177號"
"苗栗縣","九穩複合式餐飲","=""99895521""","苗栗縣竹南鎮仁愛路941巷12號"
"苗栗縣","宣泰食品有限公司","=""29084794""","苗栗市經國路六段230號"
"苗栗縣","和峰食品有限公司","=""24644468""","苗栗縣竹南鎮崎頂里13鄰崎頂5號"
"苗栗縣","允承團膳有限公司","=""82926107""","苗栗縣苑裡鎮苑港里2鄰苑港10-51號"
"苗栗縣","大碗公餐飲府前店","=""13343486""","苗栗市福麗里府前路144號1樓"
"苗栗縣","文君美食企業社","=""82381766""","苗栗縣頭份市尖豐路1159巷5號"
"苗栗縣","好又香便當工廠","=""83350798""","苗栗縣頭份市中央路920號"
"苗栗縣","長宏食品股份有限公司","=""24885640""","苗栗縣苗栗市英才路303號"
"花蓮縣","猋師傅","=""53589289""","花蓮縣花蓮市中正路570號"
"花蓮縣","華王御膳","=""26790839""","花蓮市美工路69號"
"花蓮縣","張氏","=""94839732""","花蓮縣花蓮市建國路107巷35號"
"花蓮縣","馨儂快餐店","=""70974309""","花蓮縣瑞穗鄉中山路一段16號"
"花蓮縣","TOP麵包(花蓮女中)","=""80008665""","花蓮縣吉安鄉慈惠三街105巷5號"
"花蓮縣","迦南(花蓮女中)","=""50748002""","花蓮市美崙區民權八街60號"
"花蓮縣","流奶與蜜餐飲企業","=""50748262""","花蓮縣花蓮市民權八街60號1F"
"花蓮縣","可口味","=""76960605""","花蓮縣吉安鄉永安村太昌路158號"
"花蓮縣","晨星食品行(國立玉里高中)","=""30205493""","花蓮縣玉里鎮大禹里酸柑30-1號"
"花蓮縣","光復太祖魷魚羹","=""72846702""","花蓮縣光復鄉中山路二段291號"
"花蓮縣","讚美食便當店","=""91156699""","花蓮縣花蓮市民勤里中美路85號1樓"
"花蓮縣","香又香食品股份有限公司(團膳供應國小週四吃水果學校)","=""53384119""","花蓮縣花蓮市美工路15號"
"花蓮縣","天美早餐店","=""70962747""","花蓮市富強路157號1F"
"花蓮縣","尚好便當(團膳供應國小)","=""13960488""","花蓮縣吉安鄉吉豐二路370號"
"花蓮縣","清泉商行(團膳供應國小)","=""13977919""","花蓮縣玉里鎮酸柑30-1號"
"花蓮縣","維康餐盒","=""26787953""","花蓮市府前路424號"
"花蓮縣","林媽媽(花蓮女中)","=""19533408""","花蓮市中美七街97號"
"花蓮縣","上等飲食店","=""13973673""","花蓮縣吉安鄉福興村福興二街86號"
"花蓮縣","台灣人的飯包","=""70963582""","花蓮縣國聯一路111之3"
"花蓮縣","誠實自助餐","=""50744110""","花蓮縣光復鄉中正路一段257號"
"花蓮縣","莉華餐飲","=""50746784""","花蓮縣光復鄉中山路二段280號之一樓"
"花蓮縣","和泰生物科技實業有限公司","=""53801395""","花蓮縣玉里鎮中城里仁愛路一段176號"
"花蓮縣","津吉有限公司","=""64818529""","花蓮縣吉安鄉吉興一街412巷4號"
"花蓮縣","亞洲麵包(花蓮女中)","=""78846898""","花蓮縣吉安鄉慈惠三街105巷5號"
"花蓮縣","東台灣鴨莊","=""15787267""","花蓮縣光復鄉大進村中山路一段187號"
"花蓮縣","東華美食","=""67941023""","花蓮縣壽豐鄉志學村大學路二段1號"
"花蓮縣","悟饕池上飯包","=""18053181""","花蓮縣光復鄉中正路一段95號"
"花蓮縣","阿滿蔬果行","=""30201911""","花蓮縣鳳林鎮鳳禮里光復路26號"
"花蓮縣","香又香餐盒食品有限公司","=""27598380""","花蓮市美工路15號"
"花蓮縣","宸恩利的飯包","=""82176619""","花蓮縣吉安鄉宜昌村中華路2段102號1樓"
"花蓮縣","阿發食堂","=""08139251""","花蓮縣光復鄉中山路二段6號"
"花蓮縣","華王食品股份有限公司","=""84348504""","花蓮市美工六街38號"
"花蓮縣","豐科實業有限公司","=""24643974""","花蓮縣吉安鄉自立路二段82-1號"
"花蓮縣","津吉(美崙國中、國風國中)","=""56705310""","花蓮縣吉安鄉吉興一街412巷4號"
"花蓮縣","張記花東鴨莊","=""67937816""","花蓮縣光復鄉中山路二段307號"
"花蓮縣","維爾康食品店","=""64805382""","花蓮縣花蓮市府前路424號"
"花蓮縣","德力強食品股份有限公司","=""90601193""","973花蓮縣吉安鄉明義五街183號"
"臺東縣","信吉飲食店","=""09527188""","台東縣成功鎮中山路55號"
"臺東縣","太師傅","=""42799604""","台東市中華路2段156號1樓"
"臺東縣","庄腳店","=""74912657""","臺東縣綠島鄉南寮村121號"
"臺東縣","赤兔食堂","=""40831375""","台東縣成功鎮中山路31號"
"臺東縣","祥益飯包店","=""14208500""","臺東縣臺東市建國里強國街二十七號一樓"
"臺東縣","台東縣農會東農餐廳","=""17918357""","臺東縣臺東市新生路195號"
"臺東縣","東商美芝城","=""14206427""","台東縣台東市豐樂里太原路一段766號1樓"
"臺東縣","東海包飯","=""93731987""","台東市長沙街94號"
"臺東縣","澳客複合式餐飲館","=""21663709""","台東縣成功鎮中山路139-8號"
"臺東縣","品元興小吃","=""93203212""","台東縣成功鎮中華路24號"
"臺東縣","早安美芝城新生國小店","=""10103194""","台東市更生路435號"
"臺東縣","柚子餐飲企業社","=""40832851""","臺東縣臺東市長安街84號"
"臺東縣","文化便當","=""81300920""","臺東縣台東市文化街57號"
"臺東縣","龍港海鮮餐廳","=""12096249""","臺東市松江路一段178號"
"臺東縣","王媽媽便當","=""62981806""","台東縣台東市豐榮里豐榮路29巷30號1樓"
"臺東縣","便利王企業社","=""47887633""","台東市正氣北路911號"
"臺東縣","員生社熱食部(臺東高商)","=""93840269""","臺東市正氣路440號"
"臺東縣","臺東縣成功鎮農會專營營養午餐事業","=""09596494""","臺東縣成功鎮新生路55號"
"臺東縣","灶咖企業社","=""81297880""","台東市正氣北路911號"
"臺東縣","大眾魯肉飯店","=""85572492""","臺東縣台東市中正路288號"
"臺東縣","小太陽小吃部","=""36748564""","臺東市正氣491號"
"臺東縣","潞樂味餐店","=""00463146""","臺東市正氣路381號"
"臺東縣","台東龍港餐飲有限公司","=""29087928""","臺東縣台東市大道路1號"
"臺東縣","鄂川王","=""40828527""","台東縣臺東市中華路一段721號"
"臺東縣","品城小吃","=""74919770""","台東縣成功鎮中山路28-3號"
"臺東縣","台東縣成功鎮農會專營營養午餐事業","=""88920684""","台東縣成功鎮新生路53號"
"臺東縣","胡媽媽小吃店","=""25855138""","台東縣成功鎮五權路154號"
"臺東縣","家湘早餐店","=""10794850""","台東縣成功鎮中山路20號"
"臺東縣","關山豆漿店","=""85575126""","臺東市長沙街208號"
"臺東縣","佳家小吃店","=""10116938""","台東縣成功鎮中華路26號"
"臺東縣","吉美小吃","=""12069897""","臺東縣台東市太原路一段436號"
"臺東縣","松揚餐飲股份有限公司","=""53404234""","臺東縣台東市大道路1號"
"臺東縣","百祥國際嚴選餐飲行","=""94405335""","臺東縣台東市博愛路248號"
"臺東縣","玥媛企業社","=""94405567""","臺東縣臺東市勝利街421號1樓"
"臺東縣","田園食堂","=""40828821""","台東縣成功鎮太平路52巷8號"
"臺南市","嘉丞食品工廠","=""08446005""","臺南市永康區國聖街167巷16號"
"臺南市","未來式企業有限公司","=""28312187""","台南市新化區信義路54-1號"
"臺南市","康立食品工廠","=""19792241""","臺南市仁德區太子里長興一街1號"
"臺南市","上滿食品商行","=""09517597""","台南市安南區國安街56巷141弄45號"
"臺南市","久大食品便當廠","=""81559238""","臺南市安平區平豐路391巷22弄14號"
"臺南市","大佳便當廠","=""47967241""","臺南市北區成德里民德路９０巷３６號１樓"
"臺南市","吉祥傳統美食","=""13578434""","臺南市北區興南里西門路4段16巷39弄19.21號"
"臺南市","虹冠餐飲","=""40716656""","台南市大埔街97號"
"臺南市","雲集商號","=""47721079""","台南市北門區慈安里三寮灣524號"
"臺南市","興藝團膳食品行","=""10483357""","台南市安南區北汕尾二路800巷9弄85號1樓"
"臺南市","義之饌餐飲店","=""37582035""","台南市西門路2段360號"
"臺南市","金牌食品加工廠","=""08469013""","臺南市永康區自強路756號"
"臺南市","大佳便當廠股份有限公司","=""53058780""","臺南市安南區永安路98號(和順工業區)"
"臺南市","哈克漢堡","=""40821897""","台南市柳營區中山西路二段192號"
"臺南市","楊哥楊嫂肉粽店","=""13231530""","台南市中區五妃里慶中街41號一樓"
"臺南市","元本先商號","=""08966700""","台南市東區小東里光明街175巷41弄6號1樓"
"臺南市","卡多利亞食品有限公司","=""97257646""","臺南市後壁區後壁村42之27號"
"臺南市","清旺福餐館","=""37585976""","台南市北門區保吉里276號1樓"
"臺南市","好口味食品廠","=""20154039""","臺南市北區中華北路一段203巷73號"
"臺南市","樂琪美食料理","=""40874893""","台南市南區田寮里新興路61號三樓之一"
"臺南市","嘉豪團膳便當工廠","=""10832046""","台南市東山區東正里183-1號"
"臺南市","永豐食品工廠","=""10834136""","臺南市仁德區大同路三段379號"
"臺南市","紫京傳有限公司","=""45894291""","台南市新市區三舍里1-15號"
"臺南市","上豪便當廠","=""78488203""","臺南市永康區中華西街63巷66號"
"臺南市","頂旺團膳便當工廠","=""26447293""","臺南市後壁區後壁村42之25號"
"臺南市","嗎哪食品行","=""10781996""","臺南市永康區永興路65號7樓之4"
"臺南市","永福餐飲店","=""74048599""","72742臺南市北門區保吉里276號1樓"
"臺南市","惟陞餐飲食品有限公司","=""28592912""","台南市安平區建平五街111號"
"臺南市","聯利便當工廠","=""19780759""","台南市歸仁區中正南路一段79號"
"臺南市","一品美膳館","=""40868392""","台南市中西區永福路一段60號"
"臺南市","佳明食品有限公司","=""22580278""","臺南市佳里區海澄里萊芊寮17-9號"
"臺北市","臺北鐵路餐廳","=""07524729""","臺北市北平西路三號"
"臺北市","福氣食品有限公司","=""80687615""","台北市內湖區文湖街60巷32號"
"臺北市","全方位餐飲事業有限公司","=""54171037""","臺北市信義區基隆路一段364巷12號6樓"
"臺北市","隆至有限公司","=""86498936""","臺北市北投區實踐街62號"
"臺北市","原味有限公司","=""27995493""","台北市大安區敦化南路二段11巷2號"
"臺北市","香港裕江燒腊","=""77481408""","台北市龍江路170號"
"臺北市","天仁餐盒有限公司","=""89459057""","台北市內湖區新明路321巷10弄8;10;12號"
"臺北市","松青商業股份有限公司","=""22318255""","臺北市民權東路六段296巷20號2樓"
"臺北市","富霸王豬腳","=""53119246""","台北南京東路二段115巷20號"
"臺北市","彰化光泉冷藏所(和美)","=""04351626""","台北市內湖區瑞光路502行4樓"
"臺北市","松山家商員生消費合作社","=""20803365""","台北市信義區松山路655號"
"臺北市","健康滿溢廚房","=""88207940""","台北市松山區民權東路三段103巷9之1號1樓"
"臺北市","阿城鵝肉","=""48906308""","台北市吉林路105號"
"臺北市","元大西點麵包店","=""01612703""","台北市內湖區民權東路六段98號"
"臺北市","建國高中員生消費合作社","=""05601220""","台北市中正區南海路56號"
"臺北市","二五九池上飯包","=""25535298""","台北市松江路259巷2號"
"臺北市","魚金貿易","=""53107207""","台北市民族東路410段2巷11號"
"臺北市","府城蘭香排骨飯","=""48533383""","台北市一江街25號"
"臺北市","聯泉食品股份有限公司","=""54171655""","臺北市內湖區瑞光路二段502號4樓"
"臺北市","一郎日本料理便當","=""12949486""","台北市和平西路1段150之1號"
"臺北市","福客食品有限公司","=""16759084""","台北市內湖區新明路116號4樓"
"臺北市","宮保王食品有限公司","=""97307955""","臺北市南港區南港路3段149巷49弄12、14號"
"臺北市","關玉便當店","=""77206439""","臺北市中正區濟南路2段3之11號"
"臺北市","欣欣團膳食品有限公司(欣欣企業有限公司)","=""53323036""","台北市南港路三段80巷32號2F"
"臺北市","玉林雞腿大王","=""31877103""","臺北市中華路一段114巷9號"
"臺北市","珍仙小吃坊有限公司","=""54325672""","臺北市松山路475號"
"臺北市","冠冕盒餐食品有限公司","=""80189309""","台北市內湖區內湖路一段91巷38弄5號1樓"
"臺北市","寬盈國際股份有限公司(成淵高中)","=""50850548""","台北巿大同區承德路二段235號"
"臺北市","漢晶企業有限公司","=""96921139""","臺北市萬華區昆明街256號8樓"
"臺北市","豪食記食品商行","=""88217927""","台北市南港區研究院路二段12巷58弄21號"
"臺北市","松木屋","=""24531529""","臺北市大同區延平北路2段278號5樓"
"臺北市","大安食尚企業社","=""88156702""","臺北市文山區羅斯福路六段336號"
"臺北市","華南便當餐盒店","=""77852169""","台北市忠孝東路四段26巷65號1樓"
"臺北市","私立衛理女中","=""29902909""","臺北市士林區至善路二段321號"
"臺北市","士福實業股份有限公司","=""86710923""","台北市內湖區新明路195號"
"臺北市","臺北市玉成國民小學附設幼兒園","=""04774287""","台北市南港區向陽路31號"
"臺北市","春夏秋冬小吃店","=""10593376""","116台北市文山區羅斯福路六段336號"
"臺北市","金滿園排骨","=""81609069""","台北市武昌街2段82巷3弄1號"
"臺北市","欣欣企業股份有限公司","=""22882914""","台北市南港路三段80巷32號2F"
"臺北市","士福美食股份有限公司","=""83475761""","台北市內湖區新明路193~195號"
"臺北市","新竹市東區國立清華大學南大校區","=""84500388""","臺北市萬大路424巷98號1樓"
"臺北市","連大莊企業有限公司","=""80529551""","臺北市北投區文林北路222號1樓"
"臺北市","歐理國際股份有限公司","=""80689780""","台北市復興北路331號6樓"
"臺北市","長揚開發食品股份有限公司","=""48759214""","台北市文山區保儀路113號"
"臺北市","柏穎食坊","=""25571322""","台北市北投實踐街46號"
"臺北市","萬鑫有限公司","=""54325075""","臺北市中山區長安東路二段141號"
"臺北市","世紀茶點外燴","=""24451692""","台北市內湖區安康路172號"
"臺北市","津仙小吃店","=""81717840""","台北市龍江路342巷25號"
"臺北市","麗陽美食生活館有限公司","=""28357634""","台北市內湖區瑞光路517號"
"臺北市","新隆國際有限公司","=""28482204""","台北市木柵路一段335巷11弄6號"
"臺北市","昇昌有限公司","=""52239807""","台北市南港路三段80巷32號2樓"
"臺北市","一日均衡手抓飯便當店","=""10344551""","台北市遼寧街4號"
"臺北市","青島排骨小吃店","=""18104528""","臺北市青島東路3之3號"
"臺北市","中原食品工業開發股份有限公司","=""22640634""","10855台北市萬華區艋舺大道275巷15號1樓"
"臺北市","金甌女中員生消費合作社","=""27669342""","台北市杭州南路二段一號b1"
"臺北市","元一食品行","=""01662983""","臺北市南港區南港路3段130巷3弄7號1樓"
"臺北市","丸林有限公司","=""70372165""","臺北市中山區民族東路32號"
"臺北市","家福股份有限公司","=""22662550""","台北市北投區大業路136號5樓"
"臺北市","第一餐盒股份有限公司","=""28673689""","台北市南港區重陽路263巷8號"
"臺北市","樹企業(金甌女中)","=""73632974""","台北市文山區指南路二段64號"
"臺北市","珍寶coffeeshop","=""20864469""","台北市八德路三段2號"
"臺北市","榮彬食品有限公司","=""70453357""","臺北市士林區福港街110巷1弄2-1號"
"臺北市","豐駿餐飲服務有限公司","=""79964252""","台北市萬華區洛陽街9之29號"
"臺北市","迦南福氣食品有限公司","=""27722640""","臺北市大安區富陽街100號"
"臺北市","臺北農產運銷股份有限公司","=""04550147""","臺北市中山區民族東路336號5樓"
"臺北市","第一好餐盒有限公司","=""53311518""","台北市南港區重陽路263巷8號1F"
"臺北市","百富國際股份有限公司","=""27998225""","臺北市和平東路1段129-1號"
"臺北市","原味廚房","=""26414080""","106台北市大安區敦化南路二段11巷2號"
"臺北市","雨龍小吃店","=""25583615""","台北市內湖區成功路4段332號"
"臺北市","松山工農員生消費合作社","=""73992941""","臺北市信義區忠孝東路五段236巷15號"
"臺北市","圓理想事業有限公司","=""70384325""","台北市中正區師大路177號"
"臺北市","韓亭館","=""25546555""","台北市大直街28號"
"臺北市","全方位食品行","=""26210425""","台北市大安區師大路9號B1"
"臺北市","福冠團膳有限公司","=""28481090""","台北市內湖區內湖路一段91巷18號1樓"
"臺中市","佳祥餐盒食品廠","=""18315262""","臺中市清水區忠孝西路103號"
"臺中市","日漫咖啡有限公司","=""63305965""","台中市北屯區和平里東山路1段338-12號"
"臺中市","聚陽食品工廠","=""87600380""","臺中市北區東成路107號"
"臺中市","吉品食品供應社","=""15681118""","臺中市沙鹿區福興里福成路35巷5號1樓"
"臺中市","香豪佳食品有限公司","=""23381044""","臺中市大里區大衛路49號"
"臺中市","瑞安餐盒食品工廠","=""77730005""","臺中市大里區大衛路65號"
"臺中市","台邑農畜產品有限公司","=""27589707""","臺中市清水區吳厝里和睦路三段50巷20號"
"臺中市","劉家小吃","=""26978144""","台中市平順街9號"
"臺中市","品賀青果有限公司","=""91045575""","台中市北屯區平德里天津路三段67號2樓"
"臺中市","品饡企業社(華盛頓國小)","=""40665609""","台中市北屯區北屯路298巷6-6弄63號一樓"
"臺中市","信助服務有限公司","=""60324622""","台中市北屯區河北路三段16號"
"臺中市","品饌餐飲事業有限公司","=""91092892""","台中市西屯區何厝里何厝東二街23號9F之3"
"臺中市","大鼎農產食品股份有限公司","=""53859760""","臺中市大雅區中山北路3號2樓"
"臺中市","來來青果有限公司","=""93531094""","台中市大里區西榮路274號"
"臺中市","全國棧餐盒食品廠","=""17062134""","臺中市沙鹿區斗潭路36號"
"臺中市","侑芳食品廠","=""67974614""","臺中市大甲區工七路16號"
"臺中市","臺中市豐原區農會","=""55395506""","臺中市豐原區豐勢路819巷40號"
"臺中市","全富食品有限公司","=""93563519""","台中市太平區永平路二段100號"
"臺中市","聯引餐盒廠","=""10987462""","臺中市大安區中庄村興安路356號"
"臺中市","圓晨企業社","=""38854647""","台中市烏日區興祥街188巷11號1樓"
"臺中市","飪珍記食品股份有限公司","=""29127077""","臺中市太平區中興里永平路2段476巷16號"
"臺中市","品誠食材供應社","=""14975761""","台中市南屯區寶山五街133號"
"臺中市","奇豆商行","=""99907168""","臺中市太平區永和街65號"
"臺中市","中投蔬果有限公司","=""13077403""","臺中市南區樹義里樹義二街22號"
"臺中市","新濱食品有限公司","=""28778086""","臺中市烏日區九德里中華路229號1樓"
"臺中市","面對麵商行","=""39815279""","臺中市大里區環中東路6段386號"
"臺中市","國苗香食品有限公司","=""80634110""","臺中市豐原區社皮里三角路187號"
"臺中市","升華食品有限公司","=""16188162""","臺中市太平區永平路2段100號"
"臺中市","芯品味實業有限公司","=""24597042""","台中市烏日區中山路1段497號"
"臺中市","瑞豐裕徽商行","=""47139510""","台中市烏日區中華路553號"
"臺中市","大龍棧餐飲事業股份有限公司","=""70682674""","台中市神岡區溪頭路169號"
"臺中市","中一餐盒食品工廠","=""19823618""","臺中市大里區永隆里東興路250號"
"臺中市","進陽國際有限公司","=""53865952""","臺中巿南區忠明南路1290號2樓"
"臺中市","家園食品股份有限公司","=""89810475""","臺中市大里區仁美路98號"
"臺中市","迦南地食品工業有限公司","=""70609112""","臺中市太平區永平路2段476巷108號"
"臺中市","日新食品行","=""39817804""","台中市烏日區中山路二段269號"
"臺中市","昱品美食股份有限公司","=""25095192""","臺中市太平區太平里新仁路一段22巷71-3號"
"臺中市","梅景食品股份有限公司台中分公司","=""54513914""","臺中市烏日區溪南路一段460巷1638號之3"
"臺中市","怡饗美食股份有限公司","=""16728409""","臺中市西屯區協和里工業區十路11-1號"
"臺中市","芫儂食品股份有限公司","=""27799719""","台中市西屯區廣福路272巷2號"
"臺中市","來來青果行","=""98960170""","臺中市大里區西榮路274號"
"臺中市","玉美生技股份有限公司","=""53872052""","台中市烏日區南榮路53號"
"臺中市","金星餐盒食品有限公司","=""27583416""","臺中市豐原區東陽路83號"
"臺中市","玉美研究股份有限公司烏日廠","=""25459931""","臺中市烏日區南榮路53號"
"臺中市","松林食品工廠","=""14791074""","臺中市龍井區中央路3段192號"
"臺中市","潔達有限公司","=""84175741""","臺中市南區樹義里樹義路39巷1號1樓"
"臺中市","蘋果團膳有限公司(東泰高中)","=""24994197""","臺中市北屯區軍功里軍福十九路2號"
"臺中市","美食園事業有限公司","=""16410867""","台中市后里區舊社里三重二路35號"
"臺中市","大宗餐盒食品工廠","=""17057575""","臺中市后里區福興路124之2號"
"臺中市","佳愛餐盒食品廠","=""87604225""","臺中市北區健行路42號"
"臺中市","大同餐盒有限公司","=""79986642""","臺中市北區建成里天祥街274號"
"臺中市","重銧餐飲有限公司","=""90581443""","臺中市東區東英里東英十街218號"
"臺中市","吉米食品有限公司","=""79965111""","臺中市外埔區長生路263、265號"
"臺中市","富康食品有限公司","=""24594827""","台中市太平區永平路2段476巷144號"
"臺中市","台邑餐飲有限公司","=""53785450""","臺中市清水區吳厝里和睦路三段50巷20號"
"臺中市","珍饌食品材料行","=""39686802""","台中市烏日區中山路一段519號8樓"
"臺中市","上弘便當工廠","=""81964010""","臺中市大里區東興路320巷2號"
"臺中市","美麗人生空中超市股份有限公司","=""12611511""","台中市西屯區朝貴一街148號1樓"
"臺中市","嘉美食品行","=""77741066""","台中市大里區大成街16號"
"臺中市","大新餐盒食品工廠","=""20306660""","臺中市大甲區中山路1段458號"
"澎湖縣","有限責任國立澎湖高級海事水產職業學校員生消費合作社(國立澎湖高級海事水產職業學校)","=""96175739""","澎湖縣馬公市民族路63號"
"澎湖縣","國立馬公高級中學員生消費合作社","=""96177223""","880澎湖縣馬公市中華路369號"
"桃園市","佳世福有限公司","=""24879470""","桃園市大園區環區西路400號"
"桃園市","仁仁食品有限公司","=""70607402""","桃園市林森路68巷20弄2號"
"桃園市","松晟興業有限公司","=""25176862""","桃園巿平鎮區中興路平鎮段443巷2弄17號1樓"
"桃園市","如鈺傳統小吃店","=""80762368""","桃園市平鎮區高雙里高民路74號1樓"
"桃園市","皇佳食品廠","=""67734208""","桃園市桃園區健行路39號"
"桃園市","定緁食品有限公司","=""28657386""","32451桃園縣平鎮市民族路雙連三段37-2號"
"桃園市","佳新盒餐廠","=""17675197""","桃園巿楊梅區高山里高青路35號"
"桃園市","至芃企業有限公司","=""12613861""","32047桃園縣中壢市中正路708號"
"桃園市","華膳空廚股份有限公司","=""89282663""","桃園市蘆竹區海山路2段156巷22號"
"桃園市","學府便當食品股份有限公司","=""44414176""","桃園市龍潭區高原里一段560號"
"桃園市","超吉食品企業社","=""30232956""","32047桃園縣中壢市三民里中正路694號"
"桃園市","湘之坊","=""99094649""","桃園市龍潭區中原路一段56巷19弄16號"
"桃園市","國琳團膳有限公司","=""25039517""","334桃園市大園區果林路215號"
"桃園市","軒泰食品有限公司-桃園K校","=""16958226""","桃園市平鎮區民族路雙連三段37之2號"
"桃園市","榮興食品有限公司","=""27381615""","32659桃園市楊梅區永平路59巷1號"
"桃園市","尊爵團膳股份有限公司(康橋國際學校林口校區)","=""82788998""","桃園市蘆竹區南崁路一段80號B1"
"桃園市","佳豐餐飲服務有限公司","=""84627858""","桃園市楊梅區高青路28巷8號"
"桃園市","千秋有限公司","=""16988093""","32454桃園縣平鎮市南平路二段507號"
"桃園市","永錠企業社","=""17231510""","桃園市中壢區正光三街75號1樓"
"桃園市","謝師傅食品企業社","=""36452153""","桃園市八德區介壽路二段689號"
"桃園市","萬興達有限公司","=""53362656""","32741桃園市新屋區中山東路二段130巷13號"
"桃園市","立宇企業社","=""18165496""","桃園市大溪區仁和路一段168號"
"桃園市","安佳企業社","=""17673830""","33064桃園縣桃園市漢中路143、145號"
"桃園市","逸馨園有限公司","=""16419810""","333桃園市龜山區大同路356巷33弄18號"
"桃園市","津味企業有限公司(同津味企業社)","=""29083562""","桃園市大溪區新光東路61巷20弄6號"
"桃園市","茂裕商行","=""17493627""","33559桃園縣大溪鎮福安里28鄰三層85號1樓"
"桃園市","沅益食品有限公司","=""16728983""","桃園市八德區大興里指玄街288巷62號"
"桃園市","紅蘋果食品有限公司","=""13072630""","桃園縣大溪鎮和平路24號"
"桃園市","全旺美食工房","=""37796846""","桃園市楊梅區楊江里9鄰大華街22號1F"
"桃園市","福泰團膳(股)公司","=""23261250""","桃園市龍潭區中正路佳安段448號"
"桃園市","青葉企業社","=""36446456""","桃園縣大園鄉中正東路一段667號"
"桃園市","裕民田食品股份有限公司","=""28654851""","桃園市八德區瑞源一街11號"
"桃園市","精緻餐飲廠","=""91818749""","桃園市龍潭區大昌路二段76號"
"桃園市","紅蕃茄餐飲事業有限公司","=""24399710""","桃園縣楊梅市益新一街128巷40號"
"桃園市","品饌企業社","=""85390325""","桃園市龍潭區中豐路433號"
"桃園市","暖禾餐飲有限公司","=""60355304""","桃園市龜山區文七二街22號"
"桃園市","鮮口味有限公司","=""25013869""","桃園市平鎮區民族路雙連二段118巷51弄2號"
"桃園市","春夏秋冬小吃店(桃園市世紀工商)","=""38576243""","桃園市龜山區新興里明德路162巷100號"
"桃園市","好鮮股份有限公司","=""70507895""","33844桃園市蘆竹區龍壽街1段8號"
"桃園市","美食家飲食店","=""37802349""","桃園市中壢區龍慈里龍川四街45號2F"
"桃園市","合泳裕有限公司","=""69684339""","桃園市大園區永興路142號"
"桃園市","廣豐食品股份有限公司","=""70724485""","桃園市平鎮區民族路雙連二段118巷51弄16號"
"桃園市","鼎欣企業社","=""70888846""","32571桃園縣龍潭鄉龍星村龍青路12巷3號1樓"
"桃園市","松晟企業社","=""17898710""","桃園市平鎮區平東路659巷111號"
"桃園市","田欣餐點食品廠","=""19955650""","桃園市桃園區春日路1731巷14號"
"新竹縣","逢佑食品有限公司","=""27370639""","新竹縣新豐鄉文昌街40號"
"新竹縣","永誠什貨店","=""13499207""","新竹縣新豐鄉新豐村;4鄰紅毛135號"
"新竹縣","松大食品有限公司(北埔國小)","=""26158568""","新竹縣北埔鄉埔心街24號"
"新竹縣","彬彬青菜水果行","=""92959915""","新竹縣竹東鎮榮樂里三民街77號1樓"
"新竹縣","永翔號","=""13486694""","新竹縣竹東鎮東寧里安東路26巷13號"
"新竹縣","松大食品有限公司","=""16563531""","新竹縣竹東鎮中山路125號"
"新竹縣","美麒食品有限公司(忠孝國中)","=""79975075""","新竹縣新豐鄉孝六街1號"
"新竹縣","泰和食品有限公司","=""54991627""","新竹縣竹北市環北路二段34-7號"
"新竹縣","福星青果行","=""19645380""","新竹縣竹東鎮公有零售市場乙組蔬果類55號"
"新竹縣","蕓慶企業有限公司(新竹市立培英國民中學)","=""80613446""","新竹縣竹北市中正西路1841號"
"新竹縣","(永得有限公司)新竹縣立六家高級中學","=""46805445""","新竹縣竹北市嘉興路356號"
"新竹縣","翔喻食品有限公司","=""56682745""","新竹縣新埔鎮百好街17號"
"新竹縣","鑫大盒餐實業有限公司","=""23848680""","新竹縣竹北市中正西路"
"新竹縣","正光菓菜行","=""02792372""","新竹縣橫山鄉橫山村6鄰新庄街184巷11號"
"新竹縣","總舖師","=""34845008""","新竹縣新豐鄉山崎村12鄰新興路205號"
"新竹市","協呈食品股份有限公司","=""28578307""","新竹市延平路一段152號"
"新竹市","偉珍有限公司","=""70701862""","新竹市東區公道五路三段638之1號"
"新竹市","永利行","=""31643324""","新竹市北區金雅三街95巷31號"
"新竹市","藝馨餐飲店","=""37784948""","新竹市南大路521號"
"新竹市","逸慧實業有限公司","=""79977329""","300新竹市公道五路三段536巷66號"
"新竹市","偉珍有限公司(六家國小)","=""42774060""","新竹市東區公道五路三段638之1號"
"新竹市","泳翔食品股份有限公司","=""13074638""","新竹市東區千甲路436巷6號"
"新竹市","灃暘食品有限公司","=""90593855""","新竹市東美路105號"
"新北市","私立醒吾高級中學(附設國中部)","=""02142238""","[244]新北市林口區粉寮路一段75巷80號"
"新北市","愛欣食品有限公司","=""89797986""","新北市淡水區八勢一街1號"
"新北市","鬍鬚張股份有限公司","=""22721208""","新北市新北產業園區五權二路八號六樓"
"新北市","福田有限公司(瑞芳高工)","=""22632971""","新北市中和區橋安街25號2樓"
"新北市","關山珍享便當店","=""50680495""","新北市永和區中正路273號"
"新北市","百原食品有限公司","=""16995453""","新北市五股區中興路一段61號"
"新北市","久翔食品食品股份有限公司","=""53698603""","新北市樹林區武林街16之1號"
"新北市","上林餐飲事業股份有限公司","=""16530835""","新北市新店區寶興路45巷5號1樓"
"新北市","旭威企業有限公司","=""16663412""","新北市板橋區長安街331巷14號"
"新北市","味味美食有限公司(金龍國小)","=""39581504""","新北市汐止區汐止市明峰街201號"
"新北市","紅太陽廚房有限公司","=""97243307""","新北市新莊區中港二街101號1樓"
"新北市","勝昌國際有限公司","=""28652805""","新北市八里區中山路2段540巷9弄52號2樓"
"新北市","王珍食品有限公司","=""24721669""","新北市新店區安康路2段159巷43號9樓-1"
"新北市","食家安飲食文化股份有限公司","=""27339259""","新北市汐止區福德一路328巷1號"
"新北市","統皓食品股份有限公司","=""97212331""","新北市五股區五權路49號3樓"
"新北市","睿霖新天地企業有限公司","=""89780471""","新北市新莊區中港二街101號"
"新北市","永好食品廠有限公司","=""86225268""","新北市新莊區福營路165巷6號"
"新北市","蔬苑鮮食股份有限公司","=""65137789""","新北市新店區寶興路45巷5號1樓"
"新北市","來來國際企業股份有限公司","=""89970423""","新北市蘆洲區國道路二段26號4樓"
"新北市","品大商行","=""26509781""","新北市三重區忠孝路三段15巷63號6樓"
"新北市","新北食品股份有限公司","=""53683051""","新北市三重區國道路一段59號"
"新北市","味味美食有限公司","=""53697463""","新北市五股區中興路1段95巷4弄3、5號"
"新北市","昱品食品有限公司","=""28370072""","新北市樹林區忠愛街2號1樓"
"新北市","宏遠食品股份有限公司(北市復興高中國小三年級以上)","=""54842824""","新北市五股區五權路54號"
"新北市","味安美食股份有限公司(萬興國小)","=""83160925""","新北市土城區亞洲路20號"
"新北市","味帝企業股份有限公司(臺北團膳)","=""16017490""","新北市土城區忠承路13巷3號"
"新北市","馥郁食品企業社","=""26541430""","新北市新店區玫瑰路58巷21號1樓"
"新北市","楹棟食品有限公司","=""53208486""","新北市板橋區大觀路2段37巷320號之一"
"新北市","全盛美食有限公司","=""53710249""","新北市樹林區保安街三段1巷1號"
"新北市","南強福利社","=""02273385""","新北市新店區文化路42號"
"新北市","純珍餐访","=""49880116""","新北市土城區亞洲路108巷22號"
"新北市","味安餐飲股份有限公司","=""93761975""","新北市土城區亞洲路20號"
"新北市","吉緣企業社","=""85154743""","新北市永和區永貞路117號"
"新北市","統鮮美食股份有限公司","=""53691897""","新北市三重區中興北街136巷18弄18號"
"新北市","太師傅企業股份有限公司雙和分公司","=""54623497""","新北市中和區中和路162號"
"新北市","久翔食品股份有限公司","=""54728577""","新北市樹林區武林街16之1號"
"新北市","芬芳烹材股份有限公司","=""84503548""","新北市樹林區武林街9-6號"
"新北市","珍品軒食品有限公司","=""24394588""","新北市中和區立德街112號(地下一樓)"
"新北市","昱美食品有限公司","=""24418527""","新北市樹林區忠愛街2號1樓"
"新北市","八方雲集餐飲股份有限公司御廚分公司","=""50973247""","新北市淡水區中正東路二段27之5號18樓"
"新北市","昊翰食品有限公司","=""28858882""","新北市樹林區水源街32巷7號"
"新北市","東坤國際實業股份有限公司","=""42702968""","新北市三重區光復路2段188號"
"新北市","和陽國際企業有限公司","=""50778645""","新北市板橋區板南路498號7樓之3"
"新北市","宏遠國際餐飲股份有限公司","=""25094980""","新北市五股區五權路54號"
"新北市","冠霖物流有限公司","=""27754430""","新北市中和區建八路167號之3"
"新北市","品軒事業有限公司","=""29130734""","新北市新店區寶興路45巷6弄9號3樓"
"新北市","沃客贏有限公司","=""67155609""","新北市林口區東湖路155號"
"新北市","上將食品有限公司","=""53685810""","新北市新莊區幸福東路86號"
"新北市","國際興業股份有限公司","=""29175979""","新北市中和區新生街30巷11號1樓"
"新北市","龍騰文化事業股份有限公司附設新北市私立林口康橋國際幼兒園","=""23593217""","新北市五股區五工六路30號"
"新北市","上禾餐飲事業有限公司(臺北市立文山特殊教育學校)","=""94069831""","新北市新店區寶興路45巷6弄9號4樓"
"新北市","佳利食品有限公司","=""12818127""","新北市永和區竹林路37號"
"新北市","品大餐飲企業有限公司(臺北市立成功高級中學)","=""90798132""","新北市三重區永福街72巷37之5號7樓之1"
"新北市","天驪商行","=""14491533""","新北市板橋區中正路253巷72弄3號"
"新北市","寬大食品有限公司","=""89899288""","新北市新店區民生路29號"
"新北市","雙翼食品有限公司","=""25036878""","新北市樹林區忠愛街1、3號2樓"
"新北市","新北市板橋區新埔國小(公辦民營廠商使用)","=""33972188""","新北市板橋區陽明街206號"
"彰化縣","嘉香味食品工廠","=""47370398""","彰化市西興東路37號"
"彰化縣","巧之味食品廠有限公司","=""70723628""","彰化市彰鹿路168巷26號"
"彰化縣","誠美便當工廠","=""78621504""","彰化縣花壇鄉岩竹村虎山街291巷19號"
"彰化縣","田莊商行","=""78167510""","彰化縣員林市至善街117巷23號"
"彰化縣","小廚師食品工廠","=""97841710""","彰化縣和美鎮彰新路3段373巷16號"
"彰化縣","承富實業股份有限公司","=""12929545""","彰化縣田尾鄉建平路二段88號"
"彰化縣","小寶食品股份有限公司","=""80098758""","彰化縣埔心鄉員鹿路一段457之2號"
"彰化縣","王子便當","=""77782468""","彰化縣埔心鄉經口村明聖路二段408巷83號"
"彰化縣","晶巧便當工廠","=""93897305""","彰化縣秀水鄉彰水路二段620巷65號"
"彰化縣","國華食品工廠","=""97846335""","彰化縣彰化市茄苳路二段10巷31號"
"彰化縣","勝騏食品工廠有限公司(彰化縣和仁國小)","=""16202951""","彰化縣和美鎮仁愛路279號"
"彰化縣","延杰股份有限公司","=""22570709""","彰化縣溪湖鎮中山里大溪路1段571巷13號"
"彰化縣","正惠心便當工廠","=""93894784""","彰化縣員林市復興路95號"
"彰化縣","冠成食品工廠","=""93894308""","彰化縣員林市溝皂里柳橋路2段326巷2、6號"
"彰化縣","宏一便當工廠","=""20337690""","彰化市林森路276號"
"彰化縣","合欣展業股份有限公司","=""27779832""","彰化縣埤頭鄉斗苑東路178巷50號"
"彰化縣","家嘉餐盒食品有限公司","=""53364042""","彰化縣永靖鄉永東村永安街91號"
"彰化縣","金大立便當有限公司","=""53838908""","彰化縣鹿港鎮海浴路43-2號"
"彰化縣","豐成食品工廠","=""24164869""","彰化縣溪湖鎮中山里大溪路一段619巷91弄18號"
"彰化縣","志宏食品股份有限公司","=""12838290""","彰化縣秀水鄉安溪村花秀路246號"
"屏東縣","福晟有限公司","=""16720244""","屏東縣恆春鎮恆公路898號"
"屏東縣","丸守商行","=""76799504""","屏東縣潮州鎮新榮里昌明路16號"
"屏東縣","西台餐廳","=""92414301""","屏東縣內埔鄉內埔村廣濟路12號"
"屏東縣","梅花便當","=""90783291""","屏東縣長治鄉崙上村中興路490巷5號"
"屏東縣","大同商號(枋寮高中)","=""91833468""","屏東縣潮州鎮四春路37之1"
"屏東縣","晶品食品有限公司","=""54799452""","屏東縣屏東市大連路20巷41號"
"屏東縣","嘉軒美食有限公司(屏東縣內埔鄉崇文國小)","=""28902640""","屏東縣麟洛鄉中華路91號"
"屏東縣","益隆行","=""25700085""","屏東縣恆春鎮城西里復興路112巷77號"
"屏東縣","景福商號","=""70950046""","屏東縣佳冬鄉塭豐村塭田路190號1樓"
"屏東縣","笙勃商行","=""08953796""","屏東縣潮州鎮永春里長安路113號1樓"
"屏東縣","大聚便當有限公司","=""70659689""","屏東縣內埔鄉豐田村興中二巷26號"
"屏東縣","阿米多福食品有限公司","=""16567847""","屏東縣屏東市橋南里工業五路七號"
"屏東縣","庠懋食品企業社","=""83845856""","屏東縣屏東市豐源里公園東路49號1樓"
"屏東縣","阿米多福有限公司","=""53829507""","屏東市工業五路7號"
"屏東縣","銘家商行","=""85691315""","屏東縣潮州鎮光華里中山路2-3號1樓"
"屏東縣","普大自助餐便當","=""10758947""","屏東縣內埔鄉內田村自強路61巷1號"
"屏東縣","日新便當社","=""90768783""","屏東縣屏東市建豐路3號"
"屏東縣","仁通商行","=""91802275""","屏東縣東港鎮新勝里新基街89號1樓"
"屏東縣","社團法人屏東縣竹葉林身心障礙關懷協會附設耕心園工坊","=""47780338""","屏東縣長治鄉進興村崑崙路66號"
"屏東縣","世敏便當","=""76780723""","屏東縣屏東市豐榮街50巷2號"
"屏東縣","鮮大師食品有限公司","=""28938669""","屏東縣崁頂鄉北勢村後廍路24之10號"
"屏東縣","屏東縣四維非營利幼兒園(委託社團法人台灣公共托育協會辦理)","=""47836564""","屏東縣萬丹鄉四維東路567號"
"屏東縣","陳早點企業社","=""70936782""","屏東縣屏東市豐田里瑞光路二段82巷16號"
"屏東縣","匠人便當專賣","=""94295219""","屏東縣竹田鄉竹田村中正路68號"
"屏東縣","田園香中式便當店","=""25702605""","屏東縣內埔鄉東寧村南寧路150號"
"屏東縣","柏家便當","=""95974994""","屏東市華正路195號"
"屏東縣","巧妙素食","=""83836358""","屏東市廣東路629號"
"屏東縣","永圓企業","=""81348207""","屏東縣恆春鎮城西里恆公路898號2樓"
"宜蘭縣","宸軒天然坊","=""30343799""","宜蘭縣冬山鄉和睦路84號"
"宜蘭縣","宜珍自助餐","=""14894347""","宜蘭縣宜蘭市健康路3段1號"
"宜蘭縣","華僑自助餐","=""14907618""","宜蘭縣羅東鎮公正路70號"
"宜蘭縣","味覺美食部羅商分店","=""70923098""","宜蘭縣羅東鎮中山路四段239號"
"宜蘭縣","順旭有美公司(南澳高中)","=""54954881""","宜蘭市宜蘭縣宜蘭市文化里神農路一段37號二樓"
"宜蘭縣","美味飲食店","=""40161706""","宜蘭市和陸路55號"
"宜蘭縣","純精小吃部","=""49998092""","宜蘭縣羅東鎮純精路2段270號"
"宜蘭縣","一起來速食店","=""23225656""","宜蘭縣羅東鎮民有街21巷7號"
"宜蘭縣","永鴻團膳(宜蘭縣南澳鄉南澳高中)","=""08687989""","宜蘭縣蘇澳鎮蘇花路2段206號"
"宜蘭縣","舒食概念坊","=""85325009""","宜蘭縣冬山鄉冬山路301號"
"宜蘭縣","錦慶行","=""42095458""","宜蘭縣蘇澳鎮聖愛路96號"
"宜蘭縣","王泰雅團膳(宜蘭縣立南澳高級中學)","=""91639128""","宜蘭縣南澳鄉中正路11-1號"
"宜蘭縣","舒食伴飯有限公司","=""83061869""","宜蘭縣冬山鄉中正路展南一巷12號一樓"
"宜蘭縣","湖滷骨裡香熟食店","=""82337278""","宜蘭縣宜蘭市農權路136號"
"宜蘭縣","立林速食店","=""77020567""","宜蘭市農權路二段23號"
"宜蘭縣","分饗家食坊","=""91653232""","宜蘭縣羅東鎮民生路156號"
"宜蘭縣","約翰兄弟餐飲店","=""82185379""","宜蘭縣羅東鎮愛國路248號"
"宜蘭縣","集山實業股份有限公司","=""22004085""","268宜蘭縣五結鄉成興村五濱路一段18號"
"宜蘭縣","名台食品股份有限公司","=""80230779""","宜蘭縣五結鄉利興二路5號"
"宜蘭縣","吉園壽司","=""17941646""","宜蘭市中山路五段127巷20號"
"宜蘭縣","利隆食品行","=""40666868""","宜蘭縣宜蘭市南津里中山路一段5巷16號"
"宜蘭縣","萬泰行","=""40651035""","宜蘭縣員山鄉金古一路120號"
"宜蘭縣","順發小吃部","=""77014137""","宜蘭市清華路306號"
"宜蘭縣","芯田樹願蔬食複合式餐飲","=""50713572""","宜蘭縣宜蘭市民族路412號"
"宜蘭縣","源泰商行","=""13657129""","宜蘭縣員山鄉金山東路55號"
"宜蘭縣","舒食概念有限公司","=""54980712""","宜蘭縣冬山鄉冬山路299號"
"宜蘭縣","全順餐盒食品工廠","=""92934366""","宜蘭縣員山鄉深溝村惠民路342號"
"宜蘭縣","頤昌食品行","=""70930422""","宜蘭市女中路一段127巷10號3樓"
"宜蘭縣","92925535-一起來速食店","=""92925535""","宜蘭縣羅東鎮民有街21巷7號"
"宜蘭縣","味覺美食部","=""67899496""","宜蘭縣羅東鎮維揚路120號"
"宜蘭縣","宜珍實業社","=""40671829""","宜蘭縣宜蘭市宜興路三段202號"
"宜蘭縣","東東香飲食店","=""98073792""","宜蘭縣宜蘭市延平里;延平路三八之一○號"
"宜蘭縣","明安商行","=""19566131""","宜蘭縣宜蘭市慈安路12巷39號"
"宜蘭縣","慶豐團膳有限公司","=""83294810""","宜蘭縣宜蘭市凱旋路68號"
"宜蘭縣","福客來西點蛋糕","=""98071788""","宜蘭市民權路3段122號"
"宜蘭縣","三五自助餐店","=""77051842""","宜蘭縣冬山鄉廣興路362號"
"宜蘭縣","宜珍企業有限公司","=""29091802""","宜蘭縣宜蘭市宜興路三段202號"
"宜蘭縣","恆采企業有限公司","=""53482012""","宜蘭縣羅東鎮敬業路30號"
"宜蘭縣","驛譔餐飲店","=""30342617""","宜蘭縣宜蘭市民族路415號1樓"
"宜蘭縣","全順餐盒食品工廠(大同國小附設幼兒園樂水分班)","=""40667249""","宜蘭縣大同鄉樂水村碼崙路21號"
"宜蘭縣","一碗菜尾小吃店","=""91638401""","宜蘭縣冬山鄉和村冬山一路802號1樓"
"宜蘭縣","用心飯包店(南門店)","=""37838536""","宜蘭縣羅東鎮南門路68號一樓"
"宜蘭縣","怡蘭飯包店","=""42000951""","宜蘭市延平路50號"
"宜蘭縣","可愛之家","=""98079923""","宜蘭縣宜蘭市延平里中華灣86號1樓"
"宜蘭縣","惠民團膳實業社","=""91332020""","宜蘭縣員山鄉惠民路342號"
"宜蘭縣","吉品早餐吧","=""26781748""","宜蘭縣宜蘭市校舍一路110號"
"宜蘭縣","佳全食品有限公司","=""16507969""","宜蘭縣冬山鄉鹿安路440號"
"宜蘭縣","悟饕美食部渭水分店","=""17942369""","宜蘭市中山路2段117號"
"宜蘭縣","御品福隆便當","=""17936708""","宜蘭市宜興路1段41號"
"基隆市","尚吉康興業有限公司","=""12734696""","基隆市七堵區東新街91號1樓"
"基隆市","王源農產有限公司","=""93758155""","基隆市七堵區工建南路5-1號;2樓"
"基隆市","歐海唷尚一品餐館","=""50643443""","基隆市中正區北寧路2號"
"基隆市","杏鑫商行","=""41255250""","基隆市七堵區長安街257巷9號"
"基隆市","千承食品有限公司","=""53148122""","基隆市信義區東光路30之6號2樓"
"基隆市","佳美開發美食有限公司","=""53502045""","基隆市基金一路379巷23號"
"基隆市","崗洋食品有限公司","=""54978574""","基隆市中正區中正路236號1樓"
"基隆市","凱揚企業社","=""80889197""","基隆市中山區中和路168巷9弄36號4樓"
"基隆市","阿惠飲食店","=""98094017""","基隆市信義區東信路71號"
"基隆市","金永豐商行","=""00729418""","基隆市七堵區南興踏43號"
"基隆市","長紅小吃坊","=""39962671""","基隆市中和路85巷16號8F-3"
"基隆市","勝威食品企業有限公司","=""89940316""","基隆市中山區中和路2-1號1樓"
"嘉義縣","維力便當工廠","=""78449440""","嘉義縣太保市北港路二段105巷85號"
"嘉義縣","綠晨實業有限公司","=""53481702""","嘉義縣水上鄉中山路二段899號附2"
"嘉義縣","天麗商行","=""62939343""","嘉義縣民雄鄉北斗村新庄子35-5號"
"嘉義縣","高鮮食品便當工廠","=""20183105""","嘉義縣水上鄉龍德村90-10號"
"嘉義縣","好記蔬果行","=""37698866""","嘉義縣竹崎鄉鹿滿村10鄰麻箕埔59-3號"
"嘉義縣","良人食堂(協同中學)","=""40926082""","嘉義縣民雄鄉建國路二段31號"
"嘉義縣","高松食品股份有限公司","=""86112010""","嘉義縣民雄鄉成功五街9號"
"嘉義縣","阿文便當","=""81327765""","嘉義縣水上鄉龍德村90-10號"
"嘉義縣","雙盈食品有限公司","=""24412946""","嘉義縣民雄鄉秀林村林子尾47-40號"
"嘉義市","大佳食品便當工廠","=""17155978""","嘉義市大溪路51號"
"嘉義市","振發商行","=""18285838""","嘉義市西區林森西路276號"
"嘉義市","里家寶食品便當工廠","=""47865899""","嘉義市西區大溪路51號"
"嘉義市","正心園","=""40848066""","600嘉義市義教街931號"
"嘉義市","新嘉餐盒食品工廠","=""93936840""","嘉義市西區民生南路795巷81號"
"嘉義市","盛夏食品商行","=""85830549""","嘉義市東區林森東路295號1樓"
"嘉義市","家美食品便當工廠","=""19397240""","嘉義市忠孝二街68號"
"嘉義市","風和餐飲店","=""34975085""","嘉義市興業西路337號"
"嘉義市","保證責任嘉義市嘉全果菜生產合作社","=""19737114""","嘉義市東區林森東路367-45號"
"嘉義市","花板小吃部(香火堂便當)","=""37703426""","嘉義市新榮路177號"
"嘉義市","漢洋蛋糕喜餅店","=""19396235""","嘉義市民生南路502號"
"嘉義市","八方大雅小吃部","=""47869023""","嘉義市東區大雅路二段646號一樓"
"嘉義市","美枝健康素食","=""37642293""","嘉義市興業東路64號"
"嘉義市","豐富家實業有限公司","=""16910841""","嘉義市西區青年街135號"
"嘉義市","華松食品企業開發有限公司","=""42965666""","嘉義市崇文街133-3號2樓"
"嘉義市","日翔小吃店","=""36708280""","嘉義市西區新興街31號之1"
"嘉義市","鵝媽媽餐盒食品工廠","=""66610101""","嘉義市南興路192-1號"
"南投縣","興新豐餐盒食品工廠","=""45699874""","南投縣草屯鎮博愛路339號"
"南投縣","玖玖餐盒食品廠","=""87831642""","南投縣草屯鎮宅內街7巷27號"
"南投縣","順濱食品有限公司(中寮國中)","=""25191478""","南投縣南投市彰南路一段153巷16-1號1樓"
"南投縣","愛心便當廠","=""06101602""","南投市平山一路三街99號"
"南投縣","好口味食品工廠","=""78108055""","南投縣埔里鎮西門里梅子路46之7號"
"南投縣","巽農行","=""45541403""","南投縣埔里鎮北門里民權路81號"
"南投縣","保證責任台灣省青果運銷合作社台中分社","=""52291036""","南投縣名間鄉員集路43號"
"南投縣","興味有限公司","=""28358633""","南投縣草屯鎮上林里太平路一段51號"
"南投縣","芳鄰風味小吃","=""21496267""","南投縣水里鄉民生路98號"
"南投縣","嘉和餐盒食品工廠(南投新庄國小)","=""12058152""","南投縣南投市嘉和二路81號"
"南投縣","同美團膳盒餐食品廠","=""62528427""","南投縣竹山鎮集山路3段655-1號"
"其他","名翔小吃店","=""98961403""","埔里鎮中山路1段382號"
"其他","松大食品有限公司(新竹縣立自強工業高級中等學校)","=""02817140""","自強路169號"
"其他","尹品軒小吃店","=""83901076""",""
"其他","榮興商店","=""78735128""","馬祖南竿鄉介壽村361號"
"其他","永興商店","=""78745483""","預設"
"其他","協合商行","=""48842712""",""
"其他","竹塹包商行","=""57939694""","高市三民區澄和路165號"
"其他","復興高中員生消費合作社","=""13994585""",""
"其他","道明小吃店","=""14844179""","苓雅區武聖路21號"
"其他","得雅農產品有限公司","=""84540585""","123"
"其他","嘉福商行","=""18171954""","楊梅市高山里梅高路120巷2弄10號"
"其他","神茶來也","=""25911075""","高市前金區國民街22號"
"其他","俊耀食品有限公司","=""28939323""","竹北市泰和路87-1號"
"其他","北一女中員生消費合作社","=""21102587""",""
"其他","永得有限公司","=""97194869""","32049桃縣中壢市正光三街77號1樓"
"其他","亞洲素食","=""73921186""","高市三民區銀杉街44號"
"其他","昱品事業有限公司","=""53727987""","樹林區忠愛街2號1樓"
"其他","池上文信小吃部","=""08910278""","高市鼓山區文信路310號"
"其他","寶僑果菜行","=""47848702""","預設"
"其他","統鮮企業股份有限公司","=""23701877""",""
"其他","龍昇蔬果行","=""41253871""","預設"
"其他","鄒達邦複合式餐廳","=""25744653""","預設"
"其他","中山女高員生消費合作社","=""14106481""",""
"其他","顓陽實業有限公司","=""28192021""",""
